<?xml version="1.0" encoding="UTF-8"?>
<houses>
  <house name="Enigma Square IV" houseid="4" entryx="990" entryy="994" entryz="7" rent="3800" townid="1" size="91"/>
  <house name="Enigma Square V" houseid="5" entryx="990" entryy="1003" entryz="7" rent="3700" townid="1" size="115"/>
  <house name="Enigma Square VI" houseid="6" entryx="1000" entryy="1007" entryz="7" rent="3100" townid="1" size="111"/>
  <house name="Enigma Square VII" houseid="7" entryx="989" entryy="1052" entryz="7" rent="3500" townid="1" size="57"/>
  <house name="Enigma Square VIII" houseid="8" entryx="1010" entryy="1003" entryz="7" rent="4150" townid="1" size="65"/>
  <house name="Enigma Square IX" houseid="9" entryx="1010" entryy="997" entryz="7" rent="3050" townid="1" size="113"/>
  <house name="Enigma Plaza I" houseid="10" entryx="985" entryy="1017" entryz="7" rent="1050" townid="1" size="26"/>
  <house name="Enigma Plaza II" houseid="11" entryx="985" entryy="1021" entryz="7" rent="1450" townid="1" size="36"/>
  <house name="Enigma Plaza III" houseid="12" entryx="988" entryy="1022" entryz="7" rent="1100" townid="1" size="32"/>
  <house name="Enigma Plaza IV" houseid="13" entryx="996" entryy="1021" entryz="7" rent="1750" townid="1" size="66"/>
  <house name="Boat Lane I" houseid="14" entryx="959" entryy="981" entryz="7" rent="6300" townid="1" size="249"/>
  <house name="Boat Lane II" houseid="15" entryx="977" entryy="979" entryz="7" rent="4000" townid="1" size="85"/>
  <house name="Western Flat I" houseid="16" entryx="993" entryy="972" entryz="7" rent="1600" townid="1" size="28"/>
  <house name="Western Flat II" houseid="17" entryx="1003" entryy="972" entryz="7" rent="1600" townid="1" size="82"/>
  <house name="Western Flat III" houseid="18" entryx="997" entryy="968" entryz="6" rent="1550" townid="1" size="112"/>
  <house name="Western Flat IV" houseid="19" entryx="999" entryy="968" entryz="6" rent="1550" townid="1" size="28"/>
  <house name="Western Flat V" houseid="20" entryx="997" entryy="968" entryz="5" rent="1550" townid="1" size="69"/>
  <house name="Western Flat VI" houseid="21" entryx="999" entryy="968" entryz="5" rent="1550" townid="1" size="49"/>
  <house name="Eastern Flat I" houseid="22" entryx="1010" entryy="972" entryz="7" rent="1600" townid="1" size="28"/>
  <house name="Eastern Flat II" houseid="23" entryx="1020" entryy="972" entryz="7" rent="1600" townid="1" size="76"/>
  <house name="Eastern Flat III" houseid="24" entryx="1014" entryy="968" entryz="6" rent="1550" townid="1" size="28"/>
  <house name="Eastern Flat IV" houseid="25" entryx="1016" entryy="968" entryz="6" rent="1550" townid="1" size="28"/>
  <house name="Eastern Flat V" houseid="26" entryx="1014" entryy="968" entryz="5" rent="1550" townid="1" size="28"/>
  <house name="Eastern Flat VI" houseid="27" entryx="1016" entryy="968" entryz="5" rent="1550" townid="1" size="28"/>
  <house name="Ocean Mansion" houseid="28" entryx="1010" entryy="956" entryz="7" rent="2000" townid="1" size="78"/>
  <house name="Ocean Plaza I" houseid="29" entryx="1012" entryy="950" entryz="7" rent="850" townid="1" size="14"/>
  <house name="Ocean Plaza II" houseid="30" entryx="1017" entryy="950" entryz="7" rent="850" townid="1" size="14"/>
  <house name="Ocean Plaza III" houseid="31" entryx="1022" entryy="950" entryz="7" rent="850" townid="1" size="14"/>
  <house name="Main House of the Park" houseid="32" entryx="1055" entryy="995" entryz="7" rent="11500" townid="1" size="244"/>
  <house name="Dream Lane I" houseid="33" entryx="1026" entryy="956" entryz="7" rent="1250" townid="1" size="90"/>
  <house name="Dream Lane II" houseid="34" entryx="1026" entryy="961" entryz="7" rent="1650" townid="1" size="32"/>
  <house name="Dream Lane III" houseid="35" entryx="1026" entryy="965" entryz="7" rent="1250" townid="1" size="24"/>
  <house name="Dream Lane IV" houseid="36" entryx="1026" entryy="969" entryz="7" rent="1250" townid="1" size="79"/>
  <house name="Park Flat I" houseid="37" entryx="1044" entryy="979" entryz="7" rent="0" townid="1" size="26"/>
  <house name="Park Flat II" houseid="38" entryx="1053" entryy="979" entryz="7" rent="1500" townid="1" size="22"/>
  <house name="Park Flat III" houseid="39" entryx="1047" entryy="976" entryz="6" rent="1450" townid="1" size="26"/>
  <house name="Roxor's House XXV" houseid="40" entryx="2226" entryy="882" entryz="6" rent="2000" townid="11" size="87"/>
  <house name="Roxor's House VX" houseid="41" entryx="2225" entryy="890" entryz="6" rent="2000" townid="11" size="91"/>
  <house name="River Street I" houseid="42" entryx="963" entryy="1001" entryz="7" rent="1250" townid="1" size="22"/>
  <house name="River Street II" houseid="43" entryx="963" entryy="994" entryz="7" rent="1250" townid="1" size="22"/>
  <house name="River Street III" houseid="44" entryx="963" entryy="987" entryz="7" rent="1250" townid="1" size="22"/>
  <house name="Wizard's House I" houseid="45" entryx="2296" entryy="909" entryz="6" rent="1250" townid="1" size="96"/>
  <house name="Wizard's House II" houseid="46" entryx="974" entryy="1005" entryz="7" rent="1250" townid="1" size="24"/>
  <house name="Wizard's House III" houseid="47" entryx="974" entryy="1000" entryz="6" rent="1250" townid="1" size="24"/>
  <house name="Mystical House" houseid="48" entryx="973" entryy="987" entryz="7" rent="5000" townid="1" size="69"/>
  <house name="Main House of the River" houseid="49" entryx="972" entryy="1017" entryz="7" rent="11400" townid="1" size="221"/>
  <house name="Roxor's House XII" houseid="50" entryx="2237" entryy="939" entryz="6" rent="2000" townid="11" size="115"/>
  <house name="Depo I" houseid="51" entryx="1026" entryy="1019" entryz="7" rent="51" townid="1" size="264"/>
  <house name="Depo II" houseid="52" entryx="1033" entryy="1019" entryz="7" rent="52" townid="1" size="211"/>
  <house name="Roxor's House XX" houseid="53" entryx="2327" entryy="897" entryz="6" rent="2000" townid="11" size="39"/>
  <house name="Roxor's House VIII" houseid="54" entryx="2327" entryy="901" entryz="6" rent="2000" townid="11" size="39"/>
  <house name="Roxor's House XXX" houseid="55" entryx="2308" entryy="909" entryz="6" rent="2000" townid="11" size="239"/>
  <house name="Roxor's House VI" houseid="56" entryx="2316" entryy="922" entryz="6" rent="2000" townid="11" size="153"/>
  <house name="Roxor's House IV" houseid="57" entryx="2287" entryy="932" entryz="6" rent="2000" townid="11" size="170"/>
  <house name="Roxor's House XVX" houseid="58" entryx="2287" entryy="837" entryz="6" rent="2000" townid="11" size="269"/>
  <house name="Roxor's House XXXV" houseid="59" entryx="2254" entryy="867" entryz="6" rent="2000" townid="11" size="115"/>
  <house name="Krusari's House XII" houseid="60" entryx="2289" entryy="884" entryz="6" rent="2000" townid="11" size="59"/>
  <house name="Roxor's House Finf" houseid="61" entryx="2280" entryy="851" entryz="6" rent="2000" townid="11" size="62"/>
  <house name="Memsoria's House" houseid="62" entryx="2232" entryy="908" entryz="6" rent="2000" townid="11" size="4"/>
  <house name="Roxoro's House" houseid="63" entryx="2236" entryy="908" entryz="6" rent="2000" townid="11" size="7"/>
  <house name="Roxor's House X" houseid="64" entryx="2240" entryy="908" entryz="6" rent="2000" townid="11" size="7"/>
  <house name="Roxor's House XI" houseid="65" entryx="2244" entryy="908" entryz="6" rent="2000" townid="11" size="7"/>
  <house name="Kfari's House" houseid="66" entryx="2247" entryy="908" entryz="6" rent="20000" townid="11" size="4"/>
  <house name="Roxoria's server" houseid="67" entryx="2233" entryy="909" entryz="6" rent="2000" townid="11" size="8"/>
  <house name="Roxor's House I" houseid="68" entryx="2238" entryy="909" entryz="6" rent="2000" townid="11" size="10"/>
  <house name="Roxor's House III" houseid="69" entryx="2243" entryy="909" entryz="6" rent="2000" townid="11" size="10"/>
  <house name="Roxor's House XXIV" houseid="70" entryx="2244" entryy="849" entryz="6" rent="2000" townid="11" size="31"/>
  <house name="Krafiri's House XII" houseid="71" entryx="2312" entryy="864" entryz="6" rent="2000" townid="11" size="31"/>
  <house name="Krufari's House XI" houseid="72" entryx="2256" entryy="907" entryz="6" rent="2000" townid="11" size="59"/>
  <house name="Naruto's House XIII" houseid="73" entryx="2273" entryy="884" entryz="6" rent="2000" townid="1" size="65"/>
  <house name="Roxor's House XIV" houseid="74" entryx="2327" entryy="909" entryz="6" rent="2000" townid="11" size="120"/>
  <house name="Roxor's House V" houseid="75" entryx="2295" entryy="932" entryz="6" rent="2000" townid="11" size="117"/>
  <house name="Roxor's House XIX" houseid="76" entryx="2335" entryy="847" entryz="6" rent="2000" townid="11" size="3"/>
  <house name="Roxor's House XXI" houseid="77" entryx="2283" entryy="903" entryz="6" rent="2000" townid="11" size="135"/>
  <house name="Roxor's House II" houseid="78" entryx="2264" entryy="922" entryz="6" rent="2000" townid="11" size="56"/>
  <house name="Roxor's House IX" houseid="79" entryx="2276" entryy="938" entryz="6" rent="2000" townid="11" size="109"/>
  <house name="Roxor's House XVIII" houseid="80" entryx="2326" entryy="901" entryz="6" rent="2000" townid="11" size="30"/>
  <house name="" houseid="91" entryx="0" entryy="0" entryz="0" rent="0" townid="0" size="0"/>
  <house name="Roxor's House LX" houseid="128" entryx="2279" entryy="836" entryz="6" rent="2000" townid="11" size="34"/>
  <house name="Roxor's House XXXIX" houseid="129" entryx="2227" entryy="855" entryz="6" rent="2000" townid="11" size="0"/>
  <house name="Yuhari's House XXX" houseid="130" entryx="2289" entryy="847" entryz="6" rent="2000" townid="11" size="79"/>
  <house name="" houseid="259" entryx="0" entryy="0" entryz="0" rent="0" townid="0" size="0"/>
  <house name="" houseid="310" entryx="0" entryy="0" entryz="0" rent="0" townid="0" size="0"/>
  <house name="" houseid="315" entryx="0" entryy="0" entryz="0" rent="0" townid="0" size="0"/>
  <house name="" houseid="316" entryx="0" entryy="0" entryz="0" rent="0" townid="0" size="0"/>
  <house name="" houseid="317" entryx="0" entryy="0" entryz="0" rent="0" townid="0" size="0"/>
  <house name="" houseid="318" entryx="0" entryy="0" entryz="0" rent="0" townid="0" size="0"/>
  <house name="" houseid="358" entryx="0" entryy="0" entryz="0" rent="0" townid="0" size="20"/>
  <house name="" houseid="359" entryx="0" entryy="0" entryz="0" rent="0" townid="0" size="16"/>
  <house name="" houseid="469" entryx="0" entryy="0" entryz="0" rent="0" townid="0" size="3"/>
  <house name="" houseid="614" entryx="0" entryy="0" entryz="0" rent="0" townid="0" size="0"/>
  <house name="" houseid="615" entryx="0" entryy="0" entryz="0" rent="0" townid="0" size="0"/>
  <house name="" houseid="628" entryx="0" entryy="0" entryz="0" rent="0" townid="0" size="0"/>
  <house name="" houseid="631" entryx="0" entryy="0" entryz="0" rent="0" townid="0" size="0"/>
  <house name="" houseid="632" entryx="0" entryy="0" entryz="0" rent="0" townid="0" size="0"/>
  <house name="" houseid="634" entryx="0" entryy="0" entryz="0" rent="0" townid="0" size="0"/>
  <house name="" houseid="935" entryx="0" entryy="0" entryz="0" rent="0" townid="0" size="127"/>
  <house name="" houseid="936" entryx="0" entryy="0" entryz="0" rent="0" townid="0" size="116"/>
  <house name="" houseid="937" entryx="0" entryy="0" entryz="0" rent="0" townid="0" size="94"/>
  <house name="" houseid="938" entryx="0" entryy="0" entryz="0" rent="0" townid="0" size="78"/>
  <house name="" houseid="939" entryx="0" entryy="0" entryz="0" rent="0" townid="0" size="306"/>
  <house name="" houseid="940" entryx="0" entryy="0" entryz="0" rent="0" townid="0" size="103"/>
  <house name="" houseid="942" entryx="0" entryy="0" entryz="0" rent="0" townid="0" size="98"/>
  <house name="" houseid="943" entryx="0" entryy="0" entryz="0" rent="0" townid="0" size="83"/>
  <house name="" houseid="1392" entryx="0" entryy="0" entryz="0" rent="0" townid="0" size="1"/>
  <house name="" houseid="1399" entryx="0" entryy="0" entryz="0" rent="0" townid="0" size="0"/>
  <house name="" houseid="1401" entryx="0" entryy="0" entryz="0" rent="0" townid="0" size="0"/>
  <house name="" houseid="1425" entryx="0" entryy="0" entryz="0" rent="0" townid="0" size="0"/>
  <house name="" houseid="1428" entryx="0" entryy="0" entryz="0" rent="0" townid="0" size="0"/>
  <house name="Temple House I" houseid="1634" entryx="994" entryy="990" entryz="7" rent="0" townid="1" size="102"/>
  <house name="Temple House II" houseid="1635" entryx="1008" entryy="990" entryz="7" rent="0" townid="1" size="91"/>
  <house name="Temple House III" houseid="1636" entryx="1011" entryy="990" entryz="7" rent="0" townid="1" size="62"/>
  <house name="Enigma Square X" houseid="1637" entryx="1010" entryy="1000" entryz="7" rent="1300" townid="1" size="17"/>
  <house name="VIP House I" houseid="1638" entryx="903" entryy="1188" entryz="7" rent="5000" townid="6" size="135"/>
  <house name="VIP House II" houseid="1639" entryx="899" entryy="1201" entryz="7" rent="4000" townid="6" size="30"/>
  <house name="VIP House III" houseid="1640" entryx="901" entryy="1209" entryz="7" rent="6000" townid="6" size="79"/>
  <house name="VIP House IV" houseid="1641" entryx="901" entryy="1215" entryz="7" rent="5000" townid="6" size="79"/>
  <house name="VIP House V" houseid="1642" entryx="914" entryy="1203" entryz="7" rent="5000" townid="6" size="190"/>
  <house name="VIP House VI" houseid="1643" entryx="914" entryy="1204" entryz="7" rent="5000" townid="6" size="492"/>
  <house name="Enigma Square XI" houseid="1646" entryx="1023" entryy="957" entryz="7" rent="5000" townid="1" size="43"/>
  <house name="Wooden House I" houseid="1647" entryx="960" entryy="968" entryz="7" rent="5000" townid="1" size="92"/>
  <house name="Wooden House II" houseid="1648" entryx="971" entryy="968" entryz="7" rent="5000" townid="1" size="22"/>
  <house name="Wooden House III" houseid="1649" entryx="967" entryy="968" entryz="7" rent="5000" townid="1" size="49"/>
  <house name="Wooden House IV" houseid="1650" entryx="982" entryy="968" entryz="7" rent="5000" townid="1" size="105"/>
  <house name="Wooden House V" houseid="1651" entryx="990" entryy="951" entryz="7" rent="5000" townid="1" size="44"/>
  <house name="Wooden House VI" houseid="1652" entryx="992" entryy="949" entryz="7" rent="5000" townid="1" size="76"/>
  <house name="Wooden House VII" houseid="1653" entryx="979" entryy="945" entryz="7" rent="5000" townid="1" size="108"/>
  <house name="Wooden House VIII" houseid="1654" entryx="985" entryy="944" entryz="7" rent="5000" townid="1" size="90"/>
  <house name="Wooden House IX" houseid="1655" entryx="992" entryy="941" entryz="7" rent="5000" townid="1" size="58"/>
  <house name="Wooden House X" houseid="1656" entryx="994" entryy="937" entryz="7" rent="5000" townid="1" size="46"/>
  <house name="Great House I" houseid="1657" entryx="1000" entryy="927" entryz="7" rent="10000" townid="1" size="219"/>
  <house name="Wooden House" houseid="1658" entryx="1021" entryy="935" entryz="7" rent="14000" townid="1" size="192"/>
  <house name="Wooden House XI" houseid="1659" entryx="1013" entryy="934" entryz="7" rent="5000" townid="1" size="28"/>
  <house name="Wooden House XII" houseid="1660" entryx="952" entryy="969" entryz="7" rent="5000" townid="1" size="88"/>
  <house name="Wooden House XIII" houseid="1662" entryx="1032" entryy="940" entryz="7" rent="5000" townid="1" size="53"/>
  <house name="Wooden House XIV" houseid="1663" entryx="1033" entryy="942" entryz="7" rent="5000" townid="1" size="35"/>
  <house name="Wooden House XV" houseid="1664" entryx="1044" entryy="938" entryz="7" rent="5000" townid="1" size="75"/>
  <house name="Wooden House XVI" houseid="1665" entryx="1044" entryy="940" entryz="7" rent="5000" townid="1" size="128"/>
  <house name="Wooden House XVII" houseid="1666" entryx="1053" entryy="939" entryz="7" rent="5000" townid="1" size="31"/>
  <house name="River House I" houseid="1693" entryx="993" entryy="1035" entryz="7" rent="5000" townid="1" size="26"/>
  <house name="River House II" houseid="1694" entryx="984" entryy="1034" entryz="7" rent="5000" townid="1" size="31"/>
  <house name="West House I" houseid="1696" entryx="842" entryy="1044" entryz="7" rent="5000" townid="8" size="35"/>
  <house name="West House II" houseid="1697" entryx="843" entryy="1055" entryz="7" rent="5000" townid="8" size="50"/>
  <house name="West House III" houseid="1698" entryx="857" entryy="1045" entryz="7" rent="5000" townid="8" size="121"/>
  <house name="West House IV" houseid="1699" entryx="846" entryy="1065" entryz="7" rent="5000" townid="8" size="46"/>
  <house name="West House V" houseid="1700" entryx="866" entryy="1057" entryz="7" rent="5000" townid="8" size="28"/>
  <house name="West House VI" houseid="1701" entryx="864" entryy="1065" entryz="7" rent="5000" townid="8" size="60"/>
  <house name="West House VII" houseid="1702" entryx="882" entryy="1050" entryz="7" rent="5000" townid="8" size="63"/>
  <house name="West House VIII" houseid="1703" entryx="864" entryy="1029" entryz="7" rent="5000" townid="8" size="122"/>
  <house name="West House IX" houseid="1704" entryx="882" entryy="1029" entryz="7" rent="5000" townid="8" size="36"/>
  <house name="West House X" houseid="1705" entryx="889" entryy="1037" entryz="7" rent="5000" townid="8" size="66"/>
  <house name="West House XI" houseid="1706" entryx="893" entryy="1048" entryz="7" rent="5000" townid="8" size="112"/>
  <house name="Old House I" houseid="1707" entryx="1039" entryy="967" entryz="7" rent="2000" townid="1" size="9"/>
  <house name="Old House II" houseid="1708" entryx="1037" entryy="964" entryz="7" rent="2000" townid="1" size="8"/>
  <house name="Old House III" houseid="1709" entryx="1039" entryy="963" entryz="7" rent="2000" townid="1" size="8"/>
  <house name="Old House IV" houseid="1710" entryx="1039" entryy="956" entryz="7" rent="2000" townid="1" size="11"/>
  <house name="Old House V" houseid="1711" entryx="1045" entryy="955" entryz="7" rent="5000" townid="1" size="10"/>
  <house name="Old House VI" houseid="1712" entryx="1051" entryy="954" entryz="7" rent="2000" townid="1" size="12"/>
  <house name="Old House VII" houseid="1713" entryx="1051" entryy="952" entryz="7" rent="5000" townid="1" size="10"/>
  <house name="Mountain House" houseid="1714" entryx="1041" entryy="990" entryz="7" rent="5000" townid="1" size="60"/>
  <house name="Wild House I" houseid="1716" entryx="1052" entryy="1100" entryz="7" rent="5000" townid="1" size="35"/>
  <house name="Wild House II" houseid="1717" entryx="1052" entryy="1098" entryz="7" rent="5000" townid="1" size="18"/>
  <house name="Wild House III" houseid="1718" entryx="1056" entryy="1097" entryz="7" rent="5000" townid="1" size="45"/>
  <house name="Wild House IV" houseid="1719" entryx="1063" entryy="1103" entryz="7" rent="5000" townid="1" size="16"/>
  <house name="Wild House V" houseid="1720" entryx="1063" entryy="1096" entryz="7" rent="5000" townid="1" size="20"/>
  <house name="Wild House VI" houseid="1721" entryx="1063" entryy="1092" entryz="7" rent="5000" townid="1" size="15"/>
  <house name="Silent House I" houseid="1722" entryx="1048" entryy="1138" entryz="7" rent="5000" townid="1" size="56"/>
  <house name="Silent House II" houseid="1723" entryx="1046" entryy="1146" entryz="7" rent="5000" townid="1" size="43"/>
  <house name="Silent House III" houseid="1724" entryx="1054" entryy="1154" entryz="7" rent="5000" townid="1" size="55"/>
  <house name="Silent House IV" houseid="1725" entryx="1082" entryy="1144" entryz="7" rent="5000" townid="1" size="55"/>
  <house name="Silent House V" houseid="1726" entryx="1079" entryy="1152" entryz="7" rent="5000" townid="1" size="39"/>
  <house name="Silent House VI" houseid="1727" entryx="1089" entryy="1152" entryz="7" rent="5000" townid="1" size="20"/>
  <house name="Mountain House I" houseid="1728" entryx="1364" entryy="913" entryz="6" rent="4000" townid="6" size="11"/>
  <house name="Mountain House II" houseid="1729" entryx="1362" entryy="905" entryz="5" rent="3500" townid="6" size="38"/>
  <house name="Farm House" houseid="1730" entryx="1407" entryy="900" entryz="7" rent="5000" townid="6" size="83"/>
  <house name="Altera House I" houseid="1731" entryx="1361" entryy="938" entryz="7" rent="4000" townid="6" size="54"/>
  <house name="Altera House II" houseid="1732" entryx="1366" entryy="929" entryz="7" rent="4000" townid="6" size="44"/>
  <house name="Altera House III" houseid="1733" entryx="1371" entryy="917" entryz="7" rent="4000" townid="6" size="16"/>
  <house name="Altera House IV" houseid="1734" entryx="1388" entryy="927" entryz="7" rent="4500" townid="6" size="16"/>
  <house name="Altera House V" houseid="1735" entryx="1385" entryy="917" entryz="7" rent="4000" townid="6" size="43"/>
  <house name="Altera House VI" houseid="1736" entryx="1388" entryy="919" entryz="7" rent="4600" townid="6" size="32"/>
  <house name="Altera House VII" houseid="1737" entryx="1398" entryy="914" entryz="7" rent="5000" townid="6" size="24"/>
  <house name="Altera House VIII" houseid="1738" entryx="1383" entryy="907" entryz="7" rent="5000" townid="6" size="33"/>
  <house name="Altera House IX" houseid="1739" entryx="1387" entryy="903" entryz="7" rent="4500" townid="6" size="29"/>
  <house name="Altera House X" houseid="1740" entryx="1381" entryy="901" entryz="7" rent="4500" townid="6" size="28"/>
  <house name="Altera House XI" houseid="1741" entryx="1371" entryy="902" entryz="7" rent="5000" townid="6" size="52"/>
  <house name="Sea House I" houseid="1742" entryx="1293" entryy="1045" entryz="7" rent="5000" townid="6" size="10"/>
  <house name="Sea House II" houseid="1743" entryx="1293" entryy="1055" entryz="7" rent="5000" townid="6" size="9"/>
  <house name="Sea House III" houseid="1744" entryx="1293" entryy="1063" entryz="7" rent="5400" townid="6" size="16"/>
  <house name="Sea House IV" houseid="1745" entryx="1294" entryy="1062" entryz="7" rent="5000" townid="6" size="13"/>
  <house name="Sea House V" houseid="1746" entryx="1310" entryy="1065" entryz="7" rent="5000" townid="6" size="21"/>
  <house name="Sea House VI" houseid="1747" entryx="1311" entryy="1063" entryz="7" rent="5000" townid="6" size="14"/>
  <house name="Sea House VII" houseid="1748" entryx="1293" entryy="1035" entryz="7" rent="5000" townid="6" size="7"/>
  <house name="Sea House VIII" houseid="1749" entryx="1293" entryy="1030" entryz="7" rent="4500" townid="6" size="7"/>
  <house name="Sea House IX" houseid="1750" entryx="1301" entryy="1033" entryz="7" rent="2000" townid="6" size="11"/>
  <house name="Sea House X" houseid="1751" entryx="1309" entryy="1037" entryz="7" rent="5000" townid="6" size="14"/>
  <house name="Sea House XI" houseid="1752" entryx="1317" entryy="1055" entryz="7" rent="4500" townid="6" size="25"/>
  <house name="Desert House I" houseid="1753" entryx="1285" entryy="1154" entryz="7" rent="5000" townid="6" size="36"/>
  <house name="Desert House II" houseid="1754" entryx="1285" entryy="1156" entryz="6" rent="5600" townid="6" size="4"/>
  <house name="Desert House III" houseid="1755" entryx="1286" entryy="1144" entryz="7" rent="5600" townid="6" size="36"/>
  <house name="Desert House IV" houseid="1756" entryx="1279" entryy="1167" entryz="7" rent="5000" townid="6" size="42"/>
  <house name="Desert House V" houseid="1757" entryx="1285" entryy="1178" entryz="7" rent="5300" townid="6" size="56"/>
  <house name="Desert House VI" houseid="1758" entryx="1286" entryy="1171" entryz="7" rent="4200" townid="6" size="34"/>
  <house name="Desert House VII" houseid="1759" entryx="1293" entryy="1167" entryz="7" rent="3000" townid="6" size="32"/>
  <house name="Wooden House XVIII" houseid="1760" entryx="1058" entryy="933" entryz="7" rent="5000" townid="1" size="25"/>
  <house name="Wooden House XIX" houseid="1761" entryx="1063" entryy="940" entryz="7" rent="5000" townid="1" size="143"/>
  <house name="Wooden House XX" houseid="1762" entryx="1063" entryy="932" entryz="7" rent="5000" townid="1" size="57"/>
  <house name="Wooden House XXI" houseid="1763" entryx="1073" entryy="929" entryz="7" rent="5000" townid="1" size="35"/>
  <house name="Wooden House XXII" houseid="1764" entryx="1074" entryy="926" entryz="7" rent="5000" townid="1" size="14"/>
  <house name="Green Lane I" houseid="1766" entryx="1069" entryy="958" entryz="7" rent="5000" townid="1" size="22"/>
  <house name="Green Lane II" houseid="1767" entryx="1059" entryy="975" entryz="7" rent="5000" townid="1" size="19"/>
  <house name="Green Lane III" houseid="1768" entryx="1064" entryy="964" entryz="7" rent="5000" townid="1" size="25"/>
  <house name="Green Lane IV" houseid="1769" entryx="1067" entryy="967" entryz="7" rent="5000" townid="1" size="34"/>
  <house name="Green Lane V" houseid="1770" entryx="1064" entryy="976" entryz="7" rent="5000" townid="1" size="40"/>
  <house name="Green Lane VI" houseid="1771" entryx="1073" entryy="986" entryz="7" rent="5000" townid="1" size="39"/>
  <house name="Green Lane VII" houseid="1772" entryx="1077" entryy="989" entryz="7" rent="5000" townid="1" size="21"/>
  <house name="Green Lane VIII" houseid="1773" entryx="1084" entryy="987" entryz="7" rent="5000" townid="1" size="14"/>
  <house name="Green Lane IX" houseid="1774" entryx="1086" entryy="982" entryz="7" rent="5000" townid="1" size="27"/>
  <house name="Green Lane XIX" houseid="1775" entryx="1090" entryy="939" entryz="7" rent="5000" townid="1" size="66"/>
  <house name="Green Lane X" houseid="1776" entryx="1083" entryy="948" entryz="7" rent="5000" townid="1" size="48"/>
  <house name="Green Lane XI" houseid="1777" entryx="1082" entryy="953" entryz="7" rent="5000" townid="1" size="10"/>
  <house name="Green Lane XII" houseid="1778" entryx="1090" entryy="958" entryz="7" rent="5000" townid="1" size="25"/>
  <house name="Naruto's House" houseid="1807" entryx="1060" entryy="1008" entryz="7" rent="5000" townid="1" size="44"/>
  <house name="II Naruto's House" houseid="1808" entryx="1016" entryy="1023" entryz="7" rent="5000" townid="1" size="202"/>
  <house name="Rich's Houuse" houseid="1809" entryx="1018" entryy="1018" entryz="7" rent="510000" townid="1" size="76"/>
  <house name="Roxor's House IXV" houseid="1837" entryx="2276" entryy="865" entryz="6" rent="2000" townid="11" size="118"/>
  <house name="Roxor's House XL" houseid="1838" entryx="2273" entryy="866" entryz="6" rent="2000" townid="11" size="200"/>
  <house name="Roxor's House IL" houseid="1839" entryx="2290" entryy="865" entryz="6" rent="2000" townid="11" size="121"/>
  <house name="Roxor's House XXIII" houseid="1840" entryx="2294" entryy="866" entryz="6" rent="2000" townid="11" size="118"/>
  <house name="Roxor's House IVX" houseid="1841" entryx="2261" entryy="864" entryz="6" rent="2000" townid="11" size="130"/>
  <house name="Roxor's House XXIX" houseid="1842" entryx="2255" entryy="854" entryz="6" rent="2000" townid="11" size="131"/>
  <house name="Roxor's House XLX" houseid="1843" entryx="2247" entryy="865" entryz="6" rent="2000" townid="11" size="141"/>
  <house name="Roxor's House Hivi" houseid="1844" entryx="2244" entryy="850" entryz="6" rent="2000" townid="11" size="55"/>
  <house name="Roxor's House XLV" houseid="1845" entryx="2227" entryy="855" entryz="6" rent="2000" townid="11" size="64"/>
  <house name="Roxor's House XLXI" houseid="1846" entryx="2223" entryy="868" entryz="6" rent="2000" townid="11" size="73"/>
  <house name="Roxor's House XLXIX" houseid="1847" entryx="2223" entryy="869" entryz="6" rent="2000" townid="11" size="52"/>
  <house name="Roxor's House XIXIL" houseid="1848" entryx="2231" entryy="869" entryz="6" rent="2000" townid="11" size="79"/>
  <house name="Roxor's House XIXI" houseid="1849" entryx="2226" entryy="920" entryz="6" rent="2000" townid="11" size="80"/>
  <house name="Roxor's House XIXILL" houseid="1850" entryx="2227" entryy="952" entryz="6" rent="2000" townid="11" size="265"/>
  <house name="Roxor's House XLXIXL" houseid="1851" entryx="2250" entryy="947" entryz="6" rent="2000" townid="11" size="51"/>
  <house name="Roxor's House XIXILLX" houseid="1852" entryx="2258" entryy="938" entryz="6" rent="2000" townid="11" size="210"/>
  <house name="Roxor's House XILXIX" houseid="1853" entryx="2271" entryy="939" entryz="6" rent="2000" townid="11" size="59"/>
  <house name="Roxor's House XIXXXL" houseid="1854" entryx="2277" entryy="939" entryz="6" rent="2000" townid="11" size="59"/>
  <house name="Roxor's House XILIXL" houseid="1855" entryx="2258" entryy="909" entryz="6" rent="2000" townid="11" size="101"/>
  <house name="Roxor's House XXXVI" houseid="1856" entryx="2265" entryy="903" entryz="6" rent="2000" townid="11" size="194"/>
  <house name="Roxor's House LXXX" houseid="1857" entryx="2327" entryy="922" entryz="6" rent="2000" townid="11" size="52"/>
  <house name="Roxor's House XLXR" houseid="1858" entryx="2326" entryy="890" entryz="6" rent="2000" townid="11" size="73"/>
  <house name="Roxor's House KRXI" houseid="1861" entryx="2323" entryy="865" entryz="6" rent="2000" townid="11" size="13"/>
  <house name="Memsoria's House X" houseid="1862" entryx="2311" entryy="872" entryz="6" rent="2000" townid="11" size="78"/>
  <house name="Memsoria's House XX" houseid="1863" entryx="2305" entryy="885" entryz="6" rent="2000" townid="11" size="98"/>
  <house name="Memsoria's House XI" houseid="1864" entryx="2309" entryy="885" entryz="6" rent="2000" townid="11" size="55"/>
  <house name="Memsoria's House XXX" houseid="1865" entryx="2247" entryy="911" entryz="5" rent="20000" townid="11" size="90"/>
  <house name="Memsoria's House XL" houseid="1866" entryx="2247" entryy="910" entryz="4" rent="20000" townid="11" size="98"/>
  <house name="Memsoria's House XIX " houseid="1867" entryx="2245" entryy="913" entryz="7" rent="2000" townid="11" size="78"/>
  <house name="Pvp Arena's House II" houseid="1869" entryx="1049" entryy="983" entryz="8" rent="2000" townid="1" size="0"/>
  <house name="Schimnken's House" houseid="1870" entryx="1102" entryy="1169" entryz="7" rent="2000" townid="1" size="39"/>
  <house name="Schinken's House II" houseid="1871" entryx="1105" entryy="1169" entryz="7" rent="2000" townid="1" size="49"/>
  <house name="Schinken's House III" houseid="1872" entryx="1099" entryy="1167" entryz="6" rent="2000" townid="1" size="38"/>
  <house name="Schinken's House IV" houseid="1873" entryx="1107" entryy="1168" entryz="6" rent="2000" townid="1" size="43"/>
  <house name="Projected's House" houseid="1874" entryx="1056" entryy="1541" entryz="7" rent="2000" townid="14" size="39"/>
  <house name="Projected's House II" houseid="1875" entryx="1059" entryy="1541" entryz="7" rent="2000" townid="14" size="49"/>
  <house name="Projected's House III" houseid="1876" entryx="1053" entryy="1539" entryz="6" rent="2000" townid="14" size="38"/>
  <house name="Projected's House IV" houseid="1877" entryx="1061" entryy="1540" entryz="6" rent="2000" townid="14" size="43"/>
  <house name="Projected's House V" houseid="1878" entryx="1050" entryy="1519" entryz="7" rent="2000" townid="14" size="55"/>
  <house name="Projected's House VI" houseid="1879" entryx="1051" entryy="1516" entryz="7" rent="2000" townid="14" size="134"/>
  <house name="Projected's House VII" houseid="1880" entryx="1068" entryy="1507" entryz="7" rent="2000" townid="14" size="139"/>
  <house name="Projected's House VIII" houseid="1881" entryx="1105" entryy="1557" entryz="7" rent="2000" townid="14" size="64"/>
  <house name="Projected's House IX" houseid="1882" entryx="1109" entryy="1550" entryz="7" rent="2000" townid="14" size="53"/>
  <house name="Projected's House X" houseid="1883" entryx="1122" entryy="1557" entryz="7" rent="2000" townid="14" size="91"/>
  <house name="Projected's House XI" houseid="1884" entryx="1126" entryy="1555" entryz="7" rent="2000" townid="14" size="77"/>
  <house name="Projected's House XII" houseid="1885" entryx="1114" entryy="1514" entryz="7" rent="2000" townid="14" size="40"/>
  <house name="Projected's House XIII" houseid="1886" entryx="1115" entryy="1511" entryz="6" rent="2000" townid="14" size="63"/>
  <house name="Projected's House XIV" houseid="1887" entryx="1117" entryy="1513" entryz="6" rent="2000" townid="14" size="22"/>
  <house name="Projected's House XV" houseid="1888" entryx="1079" entryy="1556" entryz="6" rent="2000" townid="14" size="30"/>
  <house name="Projected's House XVI" houseid="1889" entryx="1073" entryy="1559" entryz="6" rent="2000" townid="14" size="95"/>
  <house name="Projected's House XVII" houseid="1890" entryx="1078" entryy="1557" entryz="6" rent="2000" townid="14" size="40"/>
  <house name="Projected's House XX" houseid="1891" entryx="1109" entryy="1527" entryz="5" rent="2000" townid="14" size="72"/>
  <house name="Greenwood's House I" houseid="1893" entryx="1103" entryy="989" entryz="7" rent="2000" townid="1" size="36"/>
  <house name="Greenwood's House II" houseid="1894" entryx="1110" entryy="983" entryz="7" rent="2000" townid="1" size="19"/>
  <house name="Enigma's Plaza I" houseid="1895" entryx="998" entryy="1032" entryz="7" rent="2000" townid="1" size="56"/>
  <house name="Relaxon's House I" houseid="1896" entryx="982" entryy="1031" entryz="6" rent="2000" townid="1" size="19"/>
  <house name="Relaxon's House II" houseid="1897" entryx="987" entryy="1031" entryz="6" rent="2000" townid="1" size="21"/>
  <house name="Relaxon's House III" houseid="1898" entryx="992" entryy="1031" entryz="6" rent="2000" townid="1" size="22"/>
  <house name="Relaxon's House IV" houseid="1899" entryx="983" entryy="1032" entryz="7" rent="2000" townid="1" size="10"/>
  <house name="Relaxon's House V" houseid="1900" entryx="990" entryy="1032" entryz="7" rent="2000" townid="1" size="21"/>
  <house name="Chamber House #1" houseid="1901" entryx="1215" entryy="71" entryz="8" rent="10000" townid="12" size="13"/>
  <house name="Chamber House #4" houseid="1904" entryx="1217" entryy="71" entryz="8" rent="10000" townid="12" size="13"/>
  <house name="Chamber House #5" houseid="1905" entryx="1217" entryy="67" entryz="8" rent="10000" townid="12" size="13"/>
  <house name="Wasington House 1" houseid="1908" entryx="1656" entryy="787" entryz="6" rent="2000" townid="13" size="32"/>
  <house name="Wasington House 2" houseid="1909" entryx="1665" entryy="787" entryz="6" rent="2000" townid="13" size="28"/>
  <house name="Wasington House 3" houseid="1910" entryx="1674" entryy="790" entryz="6" rent="2000" townid="13" size="33"/>
  <house name="Wasington House 4" houseid="1911" entryx="1667" entryy="795" entryz="6" rent="2000" townid="13" size="9"/>
  <house name="Wasington House 5" houseid="1912" entryx="1657" entryy="798" entryz="6" rent="2000" townid="13" size="39"/>
  <house name="Wasington House 6" houseid="1913" entryx="1650" entryy="791" entryz="6" rent="2000" townid="13" size="9"/>
  <house name="Wasington House 7" houseid="1914" entryx="1648" entryy="793" entryz="5" rent="2000" townid="13" size="11"/>
  <house name="Wasington House 8" houseid="1915" entryx="1664" entryy="797" entryz="5" rent="0" townid="13" size="9"/>
  <house name="Wasington House 9" houseid="1916" entryx="1650" entryy="809" entryz="5" rent="2000" townid="13" size="19"/>
  <house name="Wasington House 10" houseid="1917" entryx="1653" entryy="806" entryz="6" rent="2000" townid="13" size="16"/>
  <house name="Wasington House 11" houseid="1918" entryx="1655" entryy="814" entryz="6" rent="2000" townid="13" size="47"/>
  <house name="Wasington House 12" houseid="1919" entryx="1679" entryy="805" entryz="6" rent="2000" townid="13" size="9"/>
  <house name="Wasington House 13" houseid="1920" entryx="1675" entryy="819" entryz="6" rent="2000" townid="13" size="10"/>
  <house name="Wasington House 14" houseid="1921" entryx="1680" entryy="812" entryz="6" rent="2000" townid="13" size="15"/>
  <house name="Wasington House 15" houseid="1922" entryx="1686" entryy="813" entryz="6" rent="2000" townid="13" size="15"/>
  <house name="Wasington House 16" houseid="1923" entryx="1686" entryy="818" entryz="6" rent="2000" townid="13" size="15"/>
  <house name="Wasington House 17" houseid="1924" entryx="1686" entryy="823" entryz="6" rent="2000" townid="13" size="27"/>
  <house name="Wasington House 18" houseid="1925" entryx="1678" entryy="823" entryz="6" rent="2000" townid="13" size="27"/>
  <house name="Wasington House 19" houseid="1926" entryx="1674" entryy="818" entryz="5" rent="2000" townid="13" size="7"/>
  <house name="Wasington House 20" houseid="1927" entryx="1669" entryy="827" entryz="6" rent="2000" townid="13" size="27"/>
  <house name="Wasington House 21" houseid="1928" entryx="1673" entryy="834" entryz="6" rent="2000" townid="13" size="12"/>
  <house name="Wasington House 22" houseid="1929" entryx="1679" entryy="835" entryz="6" rent="2000" townid="13" size="15"/>
  <house name="Wasington House 23" houseid="1930" entryx="1677" entryy="844" entryz="6" rent="2000" townid="13" size="40"/>
  <house name="Wasington House 24" houseid="1931" entryx="1678" entryy="851" entryz="6" rent="2000" townid="13" size="48"/>
  <house name="Wasington House 25" houseid="1932" entryx="1686" entryy="847" entryz="6" rent="2000" townid="13" size="47"/>
  <house name="Wasington House 26" houseid="1933" entryx="1679" entryy="843" entryz="6" rent="2000" townid="13" size="32"/>
  <house name="Wasington House 27" houseid="1934" entryx="1682" entryy="819" entryz="5" rent="2000" townid="13" size="24"/>
  <house name="Wasington House 28" houseid="1935" entryx="1646" entryy="815" entryz="6" rent="2000" townid="13" size="15"/>
  <house name="Wasington House 29" houseid="1936" entryx="1650" entryy="813" entryz="5" rent="2000" townid="13" size="14"/>
  <house name="Wasington House 30" houseid="1937" entryx="1641" entryy="825" entryz="6" rent="2000" townid="13" size="11"/>
  <house name="Wasington House 31" houseid="1938" entryx="1634" entryy="826" entryz="6" rent="2000" townid="13" size="28"/>
  <house name="Wasington House 32" houseid="1939" entryx="1645" entryy="826" entryz="6" rent="2000" townid="13" size="30"/>
  <house name="Wasington House 33" houseid="1940" entryx="1638" entryy="823" entryz="5" rent="2000" townid="13" size="11"/>
  <house name="Chamber House #2" houseid="1941" entryx="1215" entryy="67" entryz="8" rent="2000" townid="12" size="13"/>
  <house name="Chamber House #3" houseid="1942" entryx="1215" entryy="63" entryz="8" rent="2000" townid="12" size="13"/>
  <house name="Chamber House #6" houseid="1943" entryx="1217" entryy="63" entryz="8" rent="2000" townid="12" size="23"/>
  <house name="Chamber Main House" houseid="1944" entryx="1216" entryy="62" entryz="8" rent="2000" townid="12" size="104"/>
  <house name="Descfear House III" houseid="1945" entryx="988" entryy="988" entryz="7" rent="0" townid="1" size="69"/>
  <house name="Descfear House I" houseid="1946" entryx="988" entryy="1010" entryz="7" rent="0" townid="1" size="32"/>
  <house name="Descfear House II" houseid="1947" entryx="987" entryy="1011" entryz="7" rent="0" townid="1" size="40"/>
  <house name="Descfear House 5" houseid="1948" entryx="996" entryy="1017" entryz="7" rent="5000" townid="1" size="26"/>
  <house name="Enigma 27" houseid="1949" entryx="990" entryy="998" entryz="7" rent="2000" townid="1" size="23"/>
  <house name="Enigma 25" houseid="1950" entryx="987" entryy="974" entryz="7" rent="2000" townid="1" size="57"/>
  <house name="" houseid="1961" entryx="0" entryy="0" entryz="0" rent="0" townid="0" size="0"/>
  <house name="" houseid="1962" entryx="0" entryy="0" entryz="0" rent="0" townid="0" size="20"/>
  <house name="" houseid="1963" entryx="0" entryy="0" entryz="0" rent="0" townid="0" size="60"/>
  <house name="" houseid="1964" entryx="0" entryy="0" entryz="0" rent="0" townid="0" size="61"/>
  <house name="" houseid="1965" entryx="0" entryy="0" entryz="0" rent="0" townid="0" size="32"/>
  <house name="" houseid="1966" entryx="0" entryy="0" entryz="0" rent="0" townid="0" size="50"/>
  <house name="" houseid="1967" entryx="0" entryy="0" entryz="0" rent="0" townid="0" size="39"/>
  <house name="" houseid="1968" entryx="0" entryy="0" entryz="0" rent="0" townid="0" size="14"/>
  <house name="" houseid="1969" entryx="0" entryy="0" entryz="0" rent="0" townid="0" size="41"/>
  <house name="" houseid="1970" entryx="0" entryy="0" entryz="0" rent="0" townid="0" size="50"/>
  <house name="" houseid="1971" entryx="0" entryy="0" entryz="0" rent="0" townid="0" size="94"/>
  <house name="" houseid="1972" entryx="0" entryy="0" entryz="0" rent="0" townid="0" size="38"/>
  <house name="" houseid="1995" entryx="0" entryy="0" entryz="0" rent="0" townid="0" size="30"/>
  <house name="" houseid="1996" entryx="0" entryy="0" entryz="0" rent="0" townid="0" size="1"/>
  <house name="" houseid="1997" entryx="0" entryy="0" entryz="0" rent="0" townid="0" size="2"/>
  <house name="" houseid="2000" entryx="0" entryy="0" entryz="0" rent="0" townid="0" size="14"/>
  <house name="" houseid="2001" entryx="0" entryy="0" entryz="0" rent="0" townid="0" size="14"/>
  <house name="" houseid="2004" entryx="0" entryy="0" entryz="0" rent="0" townid="0" size="14"/>
  <house name="" houseid="2005" entryx="0" entryy="0" entryz="0" rent="0" townid="0" size="4"/>
  <house name="" houseid="2006" entryx="0" entryy="0" entryz="0" rent="0" townid="0" size="38"/>
  <house name="" houseid="2007" entryx="0" entryy="0" entryz="0" rent="0" townid="0" size="24"/>
  <house name="" houseid="2009" entryx="0" entryy="0" entryz="0" rent="0" townid="0" size="12"/>
  <house name="" houseid="2010" entryx="0" entryy="0" entryz="0" rent="0" townid="0" size="10"/>
  <house name="" houseid="2011" entryx="0" entryy="0" entryz="0" rent="0" townid="0" size="14"/>
  <house name="" houseid="2012" entryx="0" entryy="0" entryz="0" rent="0" townid="0" size="10"/>
  <house name="" houseid="2013" entryx="0" entryy="0" entryz="0" rent="0" townid="0" size="23"/>
  <house name="" houseid="2014" entryx="0" entryy="0" entryz="0" rent="0" townid="0" size="47"/>
  <house name="VIP Houses #1" houseid="2058" entryx="909" entryy="1192" entryz="7" rent="2000" townid="6" size="48"/>
  <house name="VIP Houses #2" houseid="2059" entryx="909" entryy="1188" entryz="7" rent="2000" townid="6" size="48"/>
  <house name="Venore's House XXI" houseid="2060" entryx="2203" entryy="844" entryz="6" rent="2000" townid="11" size="118"/>
  <house name="Venore's House XXII" houseid="2061" entryx="2203" entryy="845" entryz="6" rent="2000" townid="11" size="118"/>
  <house name="Venore's House XXIII" houseid="2062" entryx="2216" entryy="845" entryz="6" rent="2000" townid="11" size="118"/>
  <house name="Venore's House XXIV" houseid="2063" entryx="2216" entryy="844" entryz="6" rent="2000" townid="11" size="118"/>
  <house name="Venore's House I" houseid="2064" entryx="2250" entryy="950" entryz="6" rent="2000" townid="11" size="60"/>
  <house name="Venore's House II" houseid="2065" entryx="2264" entryy="952" entryz="6" rent="2000" townid="11" size="92"/>
  <house name="Venore's House III" houseid="2066" entryx="2265" entryy="952" entryz="6" rent="2000" townid="11" size="92"/>
  <house name="Venore's House IV" houseid="2067" entryx="2264" entryy="965" entryz="6" rent="2000" townid="11" size="94"/>
  <house name="Venore's House V" houseid="2068" entryx="2265" entryy="965" entryz="6" rent="2000" townid="11" size="96"/>
  <house name="Venore's House VI" houseid="2070" entryx="2220" entryy="939" entryz="6" rent="2000" townid="11" size="96"/>
  <house name="Venore's House VII" houseid="2071" entryx="2198" entryy="938" entryz="6" rent="2000" townid="11" size="91"/>
  <house name="Venore's House VIII" houseid="2072" entryx="2198" entryy="939" entryz="6" rent="2000" townid="11" size="96"/>
  <house name="Small Venore House" houseid="2073" entryx="2281" entryy="850" entryz="5" rent="20000" townid="11" size="15"/>
  <house name="Roof's House" houseid="2074" entryx="1041" entryy="987" entryz="6" rent="3000" townid="1" size="18"/>
  <house name="Enigma Square XXII" houseid="2075" entryx="1017" entryy="1013" entryz="7" rent="2000" townid="1" size="21"/>
  <house name="VIP Houses I" houseid="2076" entryx="906" entryy="1218" entryz="7" rent="2000" townid="6" size="135"/>
  <house name="Venore's Villa I" houseid="2077" entryx="2318" entryy="866" entryz="6" rent="3000" townid="11" size="259"/>
  <house name="Venore's Vila House II" houseid="2078" entryx="2315" entryy="879" entryz="6" rent="3000" townid="11" size="89"/>
  <house name="Chamber House #7" houseid="2079" entryx="1240" entryy="80" entryz="8" rent="2000" townid="12" size="17"/>
  <house name="Chamber House #8" houseid="2080" entryx="1240" entryy="84" entryz="8" rent="2000" townid="12" size="17"/>
  <house name="Chamber House #9" houseid="2081" entryx="1240" entryy="88" entryz="8" rent="2000" townid="12" size="17"/>
  <house name="Chamber House #10" houseid="2082" entryx="1240" entryy="92" entryz="8" rent="2000" townid="12" size="17"/>
  <house name="Chamber House #11" houseid="2083" entryx="1240" entryy="96" entryz="8" rent="2000" townid="12" size="17"/>
  <house name="Chamber House #12" houseid="2084" entryx="1238" entryy="84" entryz="8" rent="2000" townid="12" size="17"/>
  <house name="Chamber House #13" houseid="2085" entryx="1238" entryy="88" entryz="8" rent="2000" townid="12" size="17"/>
  <house name="Chamber House #14" houseid="2087" entryx="1238" entryy="92" entryz="8" rent="2000" townid="12" size="17"/>
  <house name="Chamber House #15" houseid="2088" entryx="1238" entryy="96" entryz="8" rent="2000" townid="12" size="17"/>
  <house name="Wizard House VIII" houseid="2089" entryx="974" entryy="1000" entryz="7" rent="2000" townid="1" size="22"/>
  <house name="Venore's Vila III" houseid="2090" entryx="2327" entryy="886" entryz="6" rent="2000" townid="11" size="151"/>
  <house name="Venore's Vila IV" houseid="2091" entryx="2327" entryy="892" entryz="6" rent="2000" townid="11" size="119"/>
  <house name="Middle Venore House" houseid="2092" entryx="2301" entryy="909" entryz="6" rent="2000" townid="11" size="72"/>
  <house name="VIP House XI" houseid="2093" entryx="896" entryy="1204" entryz="7" rent="2000" townid="6" size="96"/>
  <house name="Western Flat X" houseid="2094" entryx="997" entryy="968" entryz="4" rent="2000" townid="1" size="28"/>
  <house name="Western Flat XI" houseid="2095" entryx="999" entryy="968" entryz="4" rent="2000" townid="1" size="28"/>
  <house name="Western Flat XII" houseid="2096" entryx="1014" entryy="968" entryz="4" rent="2000" townid="1" size="28"/>
  <house name="Western Flat XIII" houseid="2098" entryx="1016" entryy="968" entryz="4" rent="2000" townid="1" size="28"/>
  <house name="Western Flat XIV" houseid="2099" entryx="997" entryy="968" entryz="3" rent="2000" townid="1" size="28"/>
  <house name="Western Flat XV" houseid="2100" entryx="999" entryy="968" entryz="3" rent="2000" townid="1" size="28"/>
  <house name="Western Flat XVI" houseid="2101" entryx="1014" entryy="968" entryz="3" rent="2000" townid="1" size="28"/>
  <house name="Western Flat XVII" houseid="2102" entryx="1016" entryy="968" entryz="3" rent="2000" townid="1" size="28"/>
  <house name="Robins Hood Flat 1" houseid="2103" entryx="1012" entryy="949" entryz="6" rent="2000" townid="1" size="22"/>
  <house name="Robins Hood Flat 1I" houseid="2104" entryx="1017" entryy="949" entryz="6" rent="2000" townid="1" size="22"/>
  <house name="Robins Hood Flat 1II" houseid="2106" entryx="1022" entryy="949" entryz="6" rent="2000" townid="1" size="22"/>
  <house name="sVIP Enigma 1" houseid="2107" entryx="2272" entryy="798" entryz="5" rent="2000" townid="1" size="28"/>
  <house name="sVIP Enigma 2" houseid="2108" entryx="2272" entryy="803" entryz="5" rent="2000" townid="1" size="28"/>
  <house name="sVIP Enigma 3" houseid="2109" entryx="2274" entryy="801" entryz="5" rent="2000" townid="1" size="42"/>
  <house name="Enigma House XXII" houseid="2110" entryx="1008" entryy="1007" entryz="7" rent="2000" townid="1" size="109"/>
  <house name="Enigma House XXIII" houseid="2111" entryx="1002" entryy="990" entryz="7" rent="2000" townid="1" size="74"/>
  <house name="Arcadia House 1" houseid="2113" entryx="3440" entryy="2565" entryz="7" rent="3000" townid="15" size="422"/>
  <house name="Arcadia House 2" houseid="2114" entryx="3456" entryy="2555" entryz="7" rent="3000" townid="15" size="12"/>
  <house name="Arcadia House 3" houseid="2115" entryx="3457" entryy="2555" entryz="7" rent="3000" townid="15" size="12"/>
  <house name="Arcadia House 4" houseid="2116" entryx="3456" entryy="2574" entryz="7" rent="3000" townid="15" size="14"/>
  <house name="Arcadia House 5" houseid="2117" entryx="3457" entryy="2574" entryz="7" rent="3000" townid="15" size="14"/>
  <house name="Arcadia House 6" houseid="2118" entryx="3456" entryy="2583" entryz="7" rent="3000" townid="15" size="27"/>
  <house name="Arcadia House 7" houseid="2119" entryx="3457" entryy="2583" entryz="7" rent="3000" townid="15" size="27"/>
  <house name="Arcadia House 8" houseid="2120" entryx="3456" entryy="2589" entryz="7" rent="3000" townid="15" size="118"/>
  <house name="Arcadia House 9" houseid="2121" entryx="3468" entryy="2589" entryz="7" rent="3000" townid="15" size="31"/>
  <house name="Arcadia House 10" houseid="2122" entryx="3451" entryy="2584" entryz="6" rent="3000" townid="15" size="11"/>
  <house name="Arcadia House 11" houseid="2123" entryx="3462" entryy="2584" entryz="6" rent="3000" townid="15" size="11"/>
  <house name="Arcadia House 12" houseid="2124" entryx="3454" entryy="2569" entryz="6" rent="3000" townid="15" size="22"/>
  <house name="Arcadia House 13" houseid="2125" entryx="3460" entryy="2570" entryz="6" rent="3000" townid="15" size="12"/>
  <house name="Arcadia House 14" houseid="2126" entryx="3454" entryy="2560" entryz="6" rent="3000" townid="15" size="22"/>
  <house name="Arcadia House 15" houseid="2127" entryx="3460" entryy="2558" entryz="6" rent="3000" townid="15" size="12"/>
  <house name="Arcadia House 16" houseid="2128" entryx="3470" entryy="2562" entryz="6" rent="3000" townid="15" size="12"/>
  <house name="Arcadia House 17" houseid="2129" entryx="3470" entryy="2567" entryz="6" rent="3000" townid="15" size="12"/>
  <house name="Arcadia House 18" houseid="2130" entryx="3481" entryy="2576" entryz="7" rent="3000" townid="15" size="28"/>
  <house name="Arcadia House 19" houseid="2131" entryx="3514" entryy="2578" entryz="7" rent="3000" townid="15" size="21"/>
  <house name="Arcadia House 20" houseid="2132" entryx="3500" entryy="2551" entryz="7" rent="3000" townid="15" size="31"/>
  <house name="Arcadia House 21" houseid="2133" entryx="3507" entryy="2551" entryz="7" rent="3000" townid="15" size="35"/>
  <house name="Arcadia House 22" houseid="2134" entryx="3503" entryy="2541" entryz="6" rent="3000" townid="15" size="11"/>
  <house name="Arcadia House 23" houseid="2135" entryx="3504" entryy="2541" entryz="6" rent="3000" townid="15" size="11"/>
  <house name="Arcadia House 24" houseid="2136" entryx="3501" entryy="2549" entryz="6" rent="3000" townid="15" size="14"/>
  <house name="Arcadia House 25" houseid="2137" entryx="3506" entryy="2549" entryz="6" rent="3000" townid="15" size="14"/>
  <house name="Arcadia House 26" houseid="2138" entryx="3534" entryy="2559" entryz="7" rent="3000" townid="15" size="10"/>
  <house name="Arcadia House 27" houseid="2139" entryx="3538" entryy="2558" entryz="7" rent="3000" townid="15" size="4"/>
  <house name="Arcadia House 28" houseid="2140" entryx="3537" entryy="2556" entryz="6" rent="3000" townid="15" size="10"/>
  <house name="Arcadia House 29" houseid="2141" entryx="3537" entryy="2560" entryz="6" rent="3000" townid="15" size="10"/>
  <house name="Arcadia House 30" houseid="2142" entryx="3552" entryy="2546" entryz="7" rent="3000" townid="15" size="7"/>
  <house name="Arcadia House 31" houseid="2143" entryx="3556" entryy="2546" entryz="7" rent="3000" townid="15" size="7"/>
  <house name="Arcadia House 32" houseid="2144" entryx="3551" entryy="2545" entryz="6" rent="3000" townid="15" size="3"/>
  <house name="Arcadia House 33" houseid="2145" entryx="3557" entryy="2545" entryz="6" rent="3000" townid="15" size="3"/>
  <house name="Arcadia House 34" houseid="2146" entryx="3552" entryy="2543" entryz="5" rent="3000" townid="15" size="7"/>
  <house name="Arcadia House 35" houseid="2147" entryx="3556" entryy="2543" entryz="5" rent="3000" townid="15" size="7"/>
  <house name="Arcadia House 36" houseid="2148" entryx="3549" entryy="2563" entryz="7" rent="3000" townid="15" size="7"/>
  <house name="Arcadia House 37" houseid="2149" entryx="3553" entryy="2563" entryz="7" rent="3000" townid="15" size="7"/>
  <house name="Arcadia House 38" houseid="2150" entryx="3554" entryy="2564" entryz="7" rent="3000" townid="15" size="17"/>
  <house name="Arcadia House 39" houseid="2151" entryx="3554" entryy="2569" entryz="7" rent="3000" townid="15" size="17"/>
  <house name="Arcadia House 40" houseid="2152" entryx="3553" entryy="2570" entryz="7" rent="3000" townid="15" size="7"/>
  <house name="Arcadia House 41" houseid="2153" entryx="3549" entryy="2570" entryz="7" rent="3000" townid="15" size="16"/>
  <house name="Arcadia House 42" houseid="2154" entryx="3553" entryy="2570" entryz="6" rent="3000" townid="15" size="7"/>
  <house name="Arcadia House 43" houseid="2155" entryx="3554" entryy="2569" entryz="6" rent="3000" townid="15" size="17"/>
  <house name="Arcadia House 44" houseid="2156" entryx="3554" entryy="2564" entryz="6" rent="3000" townid="15" size="7"/>
  <house name="Arcadia House 46" houseid="2158" entryx="3566" entryy="2559" entryz="7" rent="3000" guildhall="1" townid="15" size="170"/>
  <house name="Arcadia House 47" houseid="2159" entryx="3565" entryy="2546" entryz="7" rent="3000" townid="15" size="7"/>
  <house name="Arcadia House 48" houseid="2160" entryx="3569" entryy="2546" entryz="7" rent="3000" townid="15" size="7"/>
  <house name="Arcadia House 49" houseid="2161" entryx="3572" entryy="2546" entryz="7" rent="3000" townid="15" size="9"/>
  <house name="Arcadia House 50" houseid="2162" entryx="3571" entryy="2550" entryz="7" rent="3000" townid="15" size="8"/>
  <house name="Arcadia House 51" houseid="2163" entryx="3566" entryy="2544" entryz="6" rent="3000" townid="15" size="14"/>
  <house name="Arcadia House 52" houseid="2164" entryx="3572" entryy="2550" entryz="6" rent="3000" townid="15" size="23"/>
  <house name="Arcadia House 53" houseid="2165" entryx="3570" entryy="2544" entryz="6" rent="3000" townid="15" size="11"/>
  <house name="VIP House XIII" houseid="2166" entryx="933" entryy="1204" entryz="7" rent="3000" townid="6" size="380"/>
  <house name="Carlin House 1" houseid="2167" entryx="3333" entryy="829" entryz="7" rent="3000" townid="16" size="79"/>
  <house name="Carlin House 2" houseid="2168" entryx="3302" entryy="825" entryz="7" rent="3000" townid="16" size="21"/>
  <house name="Carlin House 3" houseid="2169" entryx="3312" entryy="853" entryz="7" rent="3000" townid="16" size="201"/>
  <house name="Carlin House 4" houseid="2170" entryx="3290" entryy="841" entryz="7" rent="3000" townid="16" size="281"/>
  <house name="Carlin House 5" houseid="2171" entryx="3278" entryy="824" entryz="7" rent="3000" townid="16" size="146"/>
  <house name="Carlin House 6" houseid="2172" entryx="3288" entryy="826" entryz="7" rent="3000" townid="16" size="40"/>
  <house name="Carlin House 7" houseid="2173" entryx="3295" entryy="810" entryz="7" rent="3000" townid="16" size="7"/>
  <house name="Carlin House 8" houseid="2174" entryx="3298" entryy="810" entryz="7" rent="3000" townid="16" size="7"/>
  <house name="Carlin House 9" houseid="2175" entryx="3295" entryy="810" entryz="7" rent="3000" townid="16" size="4"/>
  <house name="Carlin House 10" houseid="2176" entryx="3298" entryy="810" entryz="7" rent="3000" townid="16" size="7"/>
  <house name="Carlin House 11" houseid="2177" entryx="3273" entryy="807" entryz="7" rent="3000" townid="16" size="37"/>
  <house name="Carlin House 12" houseid="2178" entryx="3278" entryy="807" entryz="7" rent="3000" townid="16" size="28"/>
  <house name="Carlin House 13" houseid="2179" entryx="3285" entryy="797" entryz="7" rent="3000" townid="16" size="17"/>
  <house name="Carlin House 14" houseid="2180" entryx="3351" entryy="815" entryz="7" rent="3000" townid="16" size="13"/>
  <house name="Carlin House 15" houseid="2181" entryx="3354" entryy="815" entryz="7" rent="3000" townid="16" size="13"/>
  <house name="Carlin House 16" houseid="2182" entryx="3337" entryy="803" entryz="7" rent="3000" townid="16" size="25"/>
  <house name="Carlin House 17" houseid="2183" entryx="3364" entryy="802" entryz="7" rent="3000" townid="16" size="49"/>
  <house name="Carlin House 18" houseid="2184" entryx="3367" entryy="807" entryz="6" rent="3000" townid="16" size="35"/>
  <house name="Carlin House 19" houseid="2185" entryx="3370" entryy="804" entryz="7" rent="3000" townid="16" size="86"/>
  <house name="Carlin House 20" houseid="2186" entryx="3346" entryy="800" entryz="7" rent="3000" townid="16" size="11"/>
  <house name="Carlin House 21" houseid="2187" entryx="3347" entryy="800" entryz="7" rent="3000" townid="16" size="3"/>
  <house name="Carlin House 22" houseid="2188" entryx="3347" entryy="800" entryz="7" rent="3000" townid="16" size="11"/>
  <house name="Carlin House 23" houseid="2189" entryx="3346" entryy="800" entryz="6" rent="3000" townid="16" size="11"/>
  <house name="Carlin House 24" houseid="2190" entryx="3347" entryy="800" entryz="6" rent="3000" townid="16" size="2"/>
  <house name="Carlin House 25" houseid="2191" entryx="3347" entryy="800" entryz="6" rent="3000" townid="16" size="11"/>
  <house name="Carlin House 26" houseid="2192" entryx="3341" entryy="789" entryz="7" rent="3000" townid="16" size="10"/>
  <house name="Carlin House 27" houseid="2193" entryx="3342" entryy="786" entryz="7" rent="3000" townid="16" size="12"/>
  <house name="Carlin House 28" houseid="2194" entryx="3342" entryy="789" entryz="7" rent="3000" townid="16" size="10"/>
  <house name="Carlin House 29" houseid="2195" entryx="3336" entryy="789" entryz="6" rent="3000" townid="16" size="64"/>
  <house name="Carlin House 30" houseid="2196" entryx="3293" entryy="808" entryz="6" rent="3000" townid="16" size="15"/>
  <house name="Carlin House 31" houseid="2197" entryx="3293" entryy="813" entryz="6" rent="3000" townid="16" size="15"/>
  <house name="Carlin House 32" houseid="2198" entryx="3282" entryy="804" entryz="6" rent="3000" townid="16" size="7"/>
  <house name="Carlin House 33" houseid="2199" entryx="3282" entryy="804" entryz="6" rent="3000" townid="16" size="6"/>
  <house name="Carlin House 34" houseid="2200" entryx="3282" entryy="801" entryz="6" rent="3000" townid="16" size="8"/>
  <house name="Carlin House 35" houseid="2201" entryx="3282" entryy="801" entryz="6" rent="3000" townid="16" size="7"/>
  <house name="Carlin House 36" houseid="2202" entryx="3337" entryy="805" entryz="6" rent="3000" townid="16" size="19"/>
  <house name="Carlin House 37" houseid="2203" entryx="3327" entryy="801" entryz="6" rent="3000" townid="16" size="21"/>
  <house name="Carlin House 38" houseid="2204" entryx="3327" entryy="798" entryz="5" rent="3000" townid="16" size="19"/>
  <house name="Carlin House 39" houseid="2205" entryx="3351" entryy="778" entryz="7" rent="3000" townid="16" size="42"/>
  <house name="Carlin House 40" houseid="2206" entryx="3360" entryy="780" entryz="7" rent="3000" townid="16" size="34"/>
  <house name="Carlin House 41" houseid="2207" entryx="3339" entryy="773" entryz="6" rent="3000" townid="16" size="11"/>
  <house name="Carlin House 42" houseid="2208" entryx="3341" entryy="775" entryz="6" rent="3000" townid="16" size="12"/>
  <house name="Carlin House 43" houseid="2209" entryx="3328" entryy="773" entryz="6" rent="3000" townid="16" size="28"/>
  <house name="Carlin House 44" houseid="2210" entryx="3327" entryy="773" entryz="7" rent="3000" townid="16" size="16"/>
  <house name="Carlin House 45" houseid="2211" entryx="3301" entryy="778" entryz="7" rent="3000" townid="16" size="16"/>
  <house name="Carlin House 46" houseid="2212" entryx="3301" entryy="778" entryz="7" rent="3000" townid="16" size="16"/>
  <house name="Carlin House 47" houseid="2213" entryx="3297" entryy="773" entryz="7" rent="3000" townid="16" size="20"/>
  <house name="Carlin House 48" houseid="2214" entryx="3306" entryy="773" entryz="7" rent="3000" townid="16" size="20"/>
  <house name="Carlin House 49" houseid="2215" entryx="3300" entryy="770" entryz="6" rent="3000" townid="16" size="20"/>
  <house name="Carlin House 50" houseid="2216" entryx="3300" entryy="769" entryz="6" rent="3000" townid="16" size="26"/>
  <house name="Carlin House 51" houseid="2217" entryx="3281" entryy="787" entryz="5" rent="3000" townid="16" size="10"/>
  <house name="Carlin House 52" houseid="2218" entryx="3285" entryy="787" entryz="5" rent="3000" townid="16" size="10"/>
  <house name="Carlin House 53" houseid="2219" entryx="3285" entryy="787" entryz="5" rent="3000" townid="16" size="24"/>
  <house name="Carlin House 54" houseid="2220" entryx="3349" entryy="842" entryz="6" rent="3000" townid="16" size="10"/>
  <house name="Carlin House 55" houseid="2221" entryx="3353" entryy="842" entryz="6" rent="3000" townid="16" size="10"/>
  <house name="Carlin House 56" houseid="2222" entryx="3357" entryy="842" entryz="6" rent="3000" townid="16" size="6"/>
  <house name="Carlin House 57" houseid="2223" entryx="3360" entryy="842" entryz="6" rent="3000" townid="16" size="6"/>
  <house name="Carlin House 58" houseid="2224" entryx="3347" entryy="846" entryz="6" rent="3000" townid="16" size="7"/>
  <house name="Carlin House 59" houseid="2225" entryx="3351" entryy="846" entryz="6" rent="3000" townid="16" size="7"/>
  <house name="Carlin House 60" houseid="2226" entryx="3355" entryy="846" entryz="6" rent="3000" townid="16" size="7"/>
  <house name="Carlin House 61" houseid="2227" entryx="3359" entryy="846" entryz="6" rent="3000" townid="16" size="7"/>
  <house name="Carlin House 62" houseid="2228" entryx="3352" entryy="841" entryz="5" rent="3000" townid="16" size="14"/>
  <house name="Carlin House 63" houseid="2229" entryx="3356" entryy="841" entryz="5" rent="3000" townid="16" size="17"/>
  <house name="Carlin House 64" houseid="2230" entryx="3356" entryy="849" entryz="5" rent="3000" townid="16" size="7"/>
  <house name="" houseid="2300" entryx="0" entryy="0" entryz="0" rent="0" townid="0" size="101"/>
  <house name="" houseid="2389" entryx="0" entryy="0" entryz="0" rent="0" townid="0" size="1790"/>
  <house name="" houseid="2424" entryx="0" entryy="0" entryz="0" rent="0" townid="0" size="107"/>
  <house name="" houseid="2426" entryx="0" entryy="0" entryz="0" rent="0" townid="0" size="90"/>
  <house name="" houseid="2434" entryx="0" entryy="0" entryz="0" rent="0" townid="0" size="0"/>
  <house name="Fibula Town" houseid="2435" entryx="3213" entryy="420" entryz="7" rent="3000" townid="1" size="150"/>
  <house name="Fibula Town 2" houseid="2436" entryx="3209" entryy="426" entryz="7" rent="3000" townid="1" size="10"/>
  <house name="Fibula Town 3" houseid="2437" entryx="3217" entryy="426" entryz="7" rent="3000" townid="1" size="10"/>
  <house name="Fibula Town 4" houseid="2438" entryx="3241" entryy="430" entryz="7" rent="3000" townid="1" size="260"/>
  <house name="Fibula Town 5" houseid="2439" entryx="3229" entryy="431" entryz="7" rent="3000" townid="1" size="45"/>
  <house name="Fibula Town 6" houseid="2440" entryx="3204" entryy="433" entryz="7" rent="3000" townid="1" size="21"/>
  <house name="Fibula Town 7" houseid="2441" entryx="3208" entryy="433" entryz="7" rent="3000" townid="1" size="21"/>
  <house name="Fibula Town 8" houseid="2442" entryx="3192" entryy="432" entryz="7" rent="3000" townid="1" size="74"/>
  <house name="Arcadia House 54" houseid="2443" entryx="3542" entryy="2580" entryz="6" rent="2000" townid="15" size="52"/>
  <house name="Arcadia House 55" houseid="2444" entryx="3546" entryy="2580" entryz="6" rent="2000" townid="15" size="52"/>
  <house name="Chamber House #16" houseid="2445" entryx="1245" entryy="75" entryz="8" rent="2000" townid="12" size="30"/>
  <house name="Chamber House #17" houseid="2446" entryx="1250" entryy="75" entryz="8" rent="2000" townid="12" size="30"/>
  <house name="Chamber House #18" houseid="2447" entryx="1255" entryy="75" entryz="8" rent="2000" townid="12" size="30"/>
  <house name="Chamber House #19" houseid="2448" entryx="1260" entryy="75" entryz="8" rent="2000" townid="12" size="30"/>
  <house name="Chamber House #20" houseid="2449" entryx="1265" entryy="75" entryz="8" rent="2000" townid="12" size="30"/>
  <house name="Chamber House #21" houseid="2450" entryx="1270" entryy="75" entryz="8" rent="2000" townid="12" size="30"/>
  <house name="Chamber House #22" houseid="2451" entryx="1275" entryy="75" entryz="8" rent="2000" townid="12" size="30"/>
  <house name="Chamber House #23" houseid="2452" entryx="1280" entryy="75" entryz="8" rent="2000" townid="12" size="30"/>
  <house name="Chamber House #24" houseid="2453" entryx="1280" entryy="55" entryz="8" rent="2000" townid="12" size="30"/>
  <house name="Chamber House #25" houseid="2454" entryx="1275" entryy="55" entryz="8" rent="2000" townid="12" size="30"/>
  <house name="Chamber House #26" houseid="2455" entryx="1270" entryy="55" entryz="8" rent="2000" townid="12" size="30"/>
  <house name="Chamber House #27" houseid="2456" entryx="1265" entryy="55" entryz="8" rent="2000" townid="12" size="30"/>
  <house name="Chamber House #28" houseid="2457" entryx="1260" entryy="55" entryz="8" rent="2000" townid="12" size="30"/>
  <house name="Chamber House #29" houseid="2458" entryx="1255" entryy="55" entryz="8" rent="2000" townid="12" size="30"/>
  <house name="Chamber House #30" houseid="2459" entryx="1250" entryy="55" entryz="8" rent="2000" townid="12" size="30"/>
  <house name="Chamber House #31" houseid="2460" entryx="1245" entryy="55" entryz="8" rent="2000" townid="12" size="30"/>
  <house name="Chamber House #32" houseid="2461" entryx="1280" entryy="51" entryz="8" rent="2000" townid="12" size="34"/>
  <house name="Chamber House #33" houseid="2462" entryx="1275" entryy="51" entryz="8" rent="2000" townid="12" size="34"/>
  <house name="Chamber House #34" houseid="2463" entryx="1270" entryy="51" entryz="8" rent="2000" townid="12" size="34"/>
  <house name="Chamber House #35" houseid="2464" entryx="1265" entryy="51" entryz="8" rent="2000" townid="12" size="34"/>
  <house name="Chamber House #36" houseid="2465" entryx="1260" entryy="51" entryz="8" rent="2000" townid="12" size="34"/>
  <house name="Chamber House #37" houseid="2466" entryx="1255" entryy="51" entryz="8" rent="2000" townid="12" size="34"/>
  <house name="Chamber House #38" houseid="2467" entryx="1250" entryy="51" entryz="8" rent="2000" townid="12" size="34"/>
  <house name="Chamber House #39" houseid="2468" entryx="1245" entryy="51" entryz="8" rent="2000" townid="12" size="34"/>
  <house name="sVIP Enigma 4" houseid="2469" entryx="2271" entryy="787" entryz="5" rent="2000" townid="1" size="124"/>
  <house name="VILA #1" houseid="2470" entryx="6727" entryy="5462" entryz="0" rent="2000" townid="1" size="5374"/>
  <house name="VILA #2" houseid="2471" entryx="6727" entryy="5461" entryz="0" rent="2000" townid="1" size="5123"/>
  <house name="VILA #3" houseid="2472" entryx="6727" entryy="5463" entryz="0" rent="2000" townid="1" size="5459"/>
  <house name="VILA #4" houseid="2473" entryx="0" entryy="0" entryz="0" rent="2000" townid="1" size="6164"/>
  <house name="VILA #5" houseid="2474" entryx="0" entryy="0" entryz="0" rent="2000" townid="1" size="6074"/>
  <house name="VILA #6" houseid="2475" entryx="0" entryy="0" entryz="0" rent="2000" townid="1" size="6164"/>
  <house name="" houseid="2497" entryx="0" entryy="0" entryz="0" rent="0" townid="0" size="0"/>
  <house name="" houseid="2498" entryx="0" entryy="0" entryz="0" rent="0" townid="0" size="13"/>
  <house name="Diablo City 1" houseid="2500" entryx="3403" entryy="1014" entryz="6" rent="2000" townid="1" size="92"/>
  <house name="Diablo City 2" houseid="2501" entryx="3392" entryy="1014" entryz="6" rent="2000" townid="1" size="92"/>
  <house name="Diablo City 3" houseid="2502" entryx="3379" entryy="1005" entryz="6" rent="2000" townid="1" size="81"/>
  <house name="Diablo City 4" houseid="2503" entryx="3395" entryy="1005" entryz="6" rent="2000" townid="1" size="81"/>
  <house name="Diablo City 5" houseid="2504" entryx="3423" entryy="1012" entryz="6" rent="2000" townid="1" size="52"/>
  <house name="Diablo City 6" houseid="2505" entryx="3447" entryy="1015" entryz="6" rent="2000" townid="1" size="73"/>
  <house name="Diablo City 7" houseid="2506" entryx="3447" entryy="1005" entryz="6" rent="2000" townid="1" size="81"/>
  <house name="Diablo City 8" houseid="2507" entryx="3424" entryy="990" entryz="6" rent="2000" townid="1" size="59"/>
  <house name="Diablo City 9" houseid="2508" entryx="3436" entryy="990" entryz="6" rent="2000" townid="1" size="60"/>
  <house name="Diablo City 10" houseid="2509" entryx="3424" entryy="975" entryz="6" rent="2000" townid="1" size="59"/>
  <house name="Diablo City 11" houseid="2510" entryx="3442" entryy="988" entryz="6" rent="2000" townid="1" size="39"/>
  <house name="Diablo City 12" houseid="2511" entryx="3436" entryy="975" entryz="6" rent="2000" townid="1" size="59"/>
  <house name="Diablo City 13" houseid="2512" entryx="3442" entryy="978" entryz="6" rent="2000" townid="1" size="38"/>
  <house name="Diablo City 14" houseid="2513" entryx="3378" entryy="992" entryz="6" rent="2000" townid="1" size="28"/>
  <house name="Diablo City 15" houseid="2514" entryx="3378" entryy="988" entryz="6" rent="2000" townid="1" size="28"/>
  <house name="Diablo City 16" houseid="2515" entryx="3437" entryy="969" entryz="6" rent="2000" townid="1" size="25"/>
  <house name="Diablo City 17" houseid="2516" entryx="3434" entryy="966" entryz="6" rent="2000" townid="1" size="18"/>
  <house name="Diablo City 18" houseid="2517" entryx="3418" entryy="964" entryz="6" rent="2000" townid="1" size="13"/>
  <house name="Diablo City 19" houseid="2518" entryx="3421" entryy="963" entryz="6" rent="2000" townid="1" size="4"/>
  <house name="Diablo City 21" houseid="2520" entryx="3425" entryy="963" entryz="6" rent="2000" townid="1" size="4"/>
  <house name="Diablo City 22" houseid="2521" entryx="3422" entryy="969" entryz="6" rent="2000" townid="1" size="7"/>
  <house name="Diablo City 23" houseid="2522" entryx="3420" entryy="969" entryz="5" rent="2000" townid="1" size="10"/>
  <house name="Diablo City 24" houseid="2523" entryx="3425" entryy="966" entryz="5" rent="2000" townid="1" size="10"/>
  <house name="Diablo City 25" houseid="2524" entryx="3426" entryy="966" entryz="5" rent="2000" townid="1" size="18"/>
  <house name="Diablo City 26" houseid="2525" entryx="3391" entryy="980" entryz="6" rent="2000" townid="1" size="122"/>
  <house name="Diablo City 27" houseid="2526" entryx="3401" entryy="967" entryz="6" rent="2000" townid="1" size="51"/>
  <house name="Diablo City 28" houseid="2527" entryx="3408" entryy="967" entryz="6" rent="3000" townid="1" size="49"/>
  <house name="Christmas Island 1" houseid="2528" entryx="7528" entryy="917" entryz="7" rent="2000" townid="1" size="28"/>
  <house name="Christmas Island 2" houseid="2529" entryx="7537" entryy="917" entryz="7" rent="2000" townid="1" size="28"/>
  <house name="Christmas Island 3" houseid="2530" entryx="7536" entryy="929" entryz="7" rent="2000" townid="1" size="23"/>
  <house name="Christmas Island 4" houseid="2531" entryx="7530" entryy="930" entryz="7" rent="2000" townid="1" size="103"/>
  <house name="Christmas Island 5" houseid="2532" entryx="7515" entryy="933" entryz="7" rent="2000" townid="1" size="14"/>
  <house name="Christmas Island 6" houseid="2533" entryx="7525" entryy="942" entryz="7" rent="2000" townid="1" size="46"/>
  <house name="Christmas Island 7" houseid="2534" entryx="7513" entryy="949" entryz="7" rent="2000" townid="1" size="46"/>
  <house name="Christmas Island 8" houseid="2535" entryx="7534" entryy="945" entryz="7" rent="2000" townid="1" size="126"/>
  <house name="Christmas Island 9" houseid="2536" entryx="7542" entryy="944" entryz="7" rent="2000" townid="1" size="240"/>
  <house name="Christmas Island 10" houseid="2537" entryx="7539" entryy="938" entryz="7" rent="2000" townid="1" size="26"/>
  <house name="Christmas Island 11" houseid="2538" entryx="7547" entryy="943" entryz="7" rent="2000" townid="1" size="41"/>
  <house name="Christmas Island 12" houseid="2539" entryx="7539" entryy="933" entryz="7" rent="2000" townid="1" size="34"/>
  <house name="Christmas Island 13" houseid="2540" entryx="7551" entryy="923" entryz="7" rent="2000" townid="1" size="36"/>
  <house name="Christmas Island 14" houseid="2541" entryx="7552" entryy="921" entryz="7" rent="2000" townid="1" size="28"/>
  <house name="Christmas Island 15" houseid="2542" entryx="7540" entryy="908" entryz="7" rent="2000" townid="1" size="25"/>
  <house name="Christmas Island 16" houseid="2543" entryx="7543" entryy="911" entryz="7" rent="2000" townid="1" size="31"/>
  <house name="Christmas Island 17" houseid="2544" entryx="7547" entryy="909" entryz="6" rent="2000" townid="1" size="42"/>
  <house name="Christmas Island 18" houseid="2545" entryx="7560" entryy="911" entryz="6" rent="2000" townid="1" size="237"/>
  <house name="Christmas Island 19" houseid="2546" entryx="7552" entryy="916" entryz="6" rent="2000" townid="1" size="20"/>
  <house name="Christmas Island 20" houseid="2547" entryx="7515" entryy="926" entryz="6" rent="2000" townid="1" size="22"/>
  <house name="Christmas Island 21" houseid="2548" entryx="7520" entryy="925" entryz="6" rent="2000" townid="1" size="28"/>
  <house name="Christmas Island 22" houseid="2549" entryx="7516" entryy="926" entryz="6" rent="2000" townid="1" size="14"/>
  <house name="Christmas Island 23" houseid="2550" entryx="7520" entryy="927" entryz="6" rent="2000" townid="1" size="10"/>
  <house name="Christmas Island 24" houseid="2551" entryx="7525" entryy="927" entryz="6" rent="2000" townid="1" size="10"/>
  <house name="Christmas Island 25" houseid="2552" entryx="7530" entryy="922" entryz="6" rent="2000" townid="1" size="16"/>
  <house name="Christmas Island 26" houseid="2553" entryx="7531" entryy="921" entryz="6" rent="2000" townid="1" size="28"/>
  <house name="Christmas Island 27" houseid="2554" entryx="7531" entryy="925" entryz="6" rent="2000" townid="1" size="23"/>
  <house name="Christmas Island 28" houseid="2555" entryx="7530" entryy="927" entryz="6" rent="2000" townid="1" size="10"/>
  <house name="Christmas Island 29" houseid="2556" entryx="7516" entryy="942" entryz="6" rent="2000" townid="1" size="34"/>
  <house name="Christmas Island 30" houseid="2557" entryx="7516" entryy="949" entryz="6" rent="2000" townid="1" size="34"/>
  <house name="Christmas Island 31" houseid="2558" entryx="7516" entryy="942" entryz="5" rent="2000" townid="1" size="34"/>
  <house name="Christmas Island 32" houseid="2559" entryx="7516" entryy="949" entryz="5" rent="2000" townid="1" size="34"/>
  <house name="Christmas Island 33" houseid="2560" entryx="7564" entryy="930" entryz="6" rent="2000" townid="1" size="33"/>
  <house name="Christmas Island 35" houseid="2561" entryx="7495" entryy="907" entryz="9" rent="2000" townid="1" size="10"/>
  <house name="Christmas Island 36" houseid="2562" entryx="7499" entryy="909" entryz="9" rent="2000" townid="1" size="44"/>
  <house name="Christmas Island 37" houseid="2563" entryx="7506" entryy="909" entryz="9" rent="2000" townid="1" size="44"/>
  <house name="Christmas Island 38" houseid="2564" entryx="7513" entryy="909" entryz="9" rent="2000" townid="1" size="44"/>
  <house name="Christmas Island 39" houseid="2565" entryx="7500" entryy="907" entryz="9" rent="2000" townid="1" size="10"/>
  <house name="Christmas Island 40" houseid="2566" entryx="7505" entryy="907" entryz="9" rent="2000" townid="1" size="10"/>
  <house name="Christmas Island 41" houseid="2567" entryx="7510" entryy="907" entryz="9" rent="2000" townid="1" size="10"/>
  <house name="Christmas Island 42" houseid="2568" entryx="7515" entryy="907" entryz="9" rent="2000" townid="1" size="10"/>
  <house name="" houseid="2756" entryx="0" entryy="0" entryz="0" rent="0" townid="0" size="42"/>
  <house name="" houseid="2757" entryx="0" entryy="0" entryz="0" rent="0" townid="0" size="42"/>
  <house name="" houseid="2758" entryx="0" entryy="0" entryz="0" rent="0" townid="0" size="32"/>
  <house name="" houseid="2759" entryx="0" entryy="0" entryz="0" rent="0" townid="0" size="55"/>
  <house name="" houseid="2760" entryx="0" entryy="0" entryz="0" rent="0" townid="0" size="38"/>
  <house name="" houseid="2973" entryx="0" entryy="0" entryz="0" rent="0" townid="0" size="0"/>
  <house name="" houseid="3050" entryx="0" entryy="0" entryz="0" rent="0" townid="0" size="215"/>
  <house name="" houseid="3057" entryx="0" entryy="0" entryz="0" rent="0" townid="0" size="3"/>
</houses>
